Product_ID,Product_Name,Category,Price,Quantity_Sold,Sale_Date
60,Product_40,Electronics,437.86,15,2024-08-08
78,Product_36,Electronics,51.7,14,2025-01-04
94,Product_84,Groceries,144.3,6,2024-01-22
51,Product_95,Clothing,465.38,10,2024-05-09
15,Product_87,Groceries,156.65,4,2024-07-22
2,Product_68,Books,202.23,14,2024-01-23
81,Product_75,Toys,439.44,4,2024-12-28
22,Product_61,Electronics,422.38,8,2024-02-01
80,Product_92,Toys,117.57,10,2024-07-03
19,Product_3,Toys,27.73,16,2024-04-28
69,Product_2,Clothing,468.02,7,2024-04-23
91,Product_53,Groceries,195.43,14,2024-07-06
72,Product_29,Electronics,428.86,6,2024-12-30
13,Product_21,Electronics,354.47,6,2024-10-17
48,Product_97,Toys,331.04,8,2024-08-31
88,Product_42,Clothing,164.66,11,2024-12-17
23,Product_68,Clothing,75.71,15,2024-03-29
15,Product_74,Toys,95.56,5,2024-09-27
84,Product_9,Electronics,478.03,12,2024-11-24
81,Product_5,Clothing,118.48,17,2024-06-04
28,Product_91,Toys,273.43,2,2024-09-27
83,Product_98,Toys,139.89,12,2024-09-08
46,Product_19,Electronics,491.51,15,2024-02-17
84,Product_15,Clothing,458.51,10,2024-07-28
43,Product_57,Electronics,247.75,20,2024-01-05
43,Product_93,Toys,83.06,15,2024-11-04
69,Product_69,Groceries,399.37,17,2024-08-14
52,Product_83,Books,6.83,1,2024-03-31
40,Product_33,Electronics,324.63,11,2024-11-16
14,Product_24,Toys,59.46,19,2024-04-03
11,Product_75,Toys,74.65,1,2024-08-27
89,Product_78,Electronics,456.8,10,2024-05-23
52,Product_2,Clothing,342.79,10,2024-01-12
33,Product_90,Groceries,58.47,6,2024-06-24
23,Product_27,Clothing,129.79,8,2024-04-28
88,Product_40,Electronics,142.41,3,2024-08-01
88,Product_13,Electronics,380.6,15,2024-01-26
53,Product_9,Books,171.27,14,2024-06-08
28,Product_69,Books,194.53,4,2024-01-14
64,Product_9,Toys,5.7,7,2024-05-26
26,Product_2,Clothing,139.83,12,2024-01-07
27,Product_5,Clothing,484.59,17,2024-01-29
33,Product_4,Electronics,317.94,15,2024-03-26
79,Product_3,Groceries,484.68,4,2024-02-10
46,Product_57,Books,157.03,15,2024-07-27
10,Product_71,Books,384.61,1,2024-07-18
82,Product_80,Toys,414.59,18,2024-03-16
75,Product_6,Books,343.45,1,2024-08-02
8,Product_17,Clothing,172.31,6,2024-08-14
38,Product_32,Toys,134.32,4,2024-03-17
17,Product_28,Toys,265.69,15,2024-04-03
50,Product_36,Toys,443.6,14,2024-07-27
26,Product_86,Groceries,144.98,11,2024-10-29
62,Product_30,Toys,421.81,19,2024-01-08
57,Product_74,Electronics,130.61,11,2024-02-28
45,Product_52,Clothing,239.5,19,2024-01-12
88,Product_18,Clothing,88.69,16,2024-02-26
70,Product_47,Electronics,349.03,12,2024-07-23
25,Product_86,Books,465.66,16,2024-01-13
66,Product_26,Electronics,394.36,11,2024-06-12
86,Product_11,Toys,38.57,20,2024-01-17
1,Product_1,Clothing,265.93,14,2024-08-29
12,Product_59,Electronics,344.2,12,2024-05-23
77,Product_75,Electronics,179.47,1,2024-11-09
76,Product_40,Electronics,275.63,17,2025-01-04
84,Product_70,Electronics,442.0,17,2024-05-14
35,Product_82,Toys,302.59,13,2024-07-18
49,Product_60,Groceries,108.86,19,2024-11-27
93,Product_51,Toys,431.13,1,2024-02-28
28,Product_95,Electronics,453.39,12,2024-10-26
29,Product_10,Toys,253.44,16,2024-12-06
9,Product_13,Books,87.49,13,2024-09-14
77,Product_74,Electronics,46.84,1,2024-09-14
81,Product_37,Clothing,482.92,16,2024-04-09
42,Product_4,Groceries,22.39,10,2024-11-21
32,Product_64,Books,49.87,19,2024-10-13
11,Product_88,Books,416.77,19,2024-03-08
13,Product_96,Books,300.39,10,2024-05-09
67,Product_91,Toys,428.84,18,2024-04-13
24,Product_28,Clothing,399.11,14,2024-07-05
25,Product_29,Clothing,483.26,6,2024-11-04
11,Product_10,Groceries,249.89,9,2024-10-06
22,Product_99,Clothing,391.49,13,2024-10-30
55,Product_4,Electronics,9.72,15,2024-06-13
7,Product_25,Clothing,166.37,7,2024-11-25
12,Product_70,Groceries,428.28,15,2024-09-25
97,Product_31,Groceries,474.58,20,2024-11-07
41,Product_39,Clothing,107.61,14,2024-07-01
34,Product_17,Clothing,298.49,2,2024-12-01
93,Product_82,Toys,420.19,13,2024-04-20
2,Product_22,Electronics,244.19,11,2024-11-05
74,Product_51,Electronics,366.0,9,2024-03-14
70,Product_100,Groceries,24.02,2,2024-02-29
97,Product_26,Electronics,374.55,7,2024-12-08
16,Product_29,Clothing,106.73,16,2024-04-14
21,Product_91,Toys,106.47,6,2024-12-20
13,Product_49,Books,415.54,7,2024-03-13
32,Product_38,Groceries,11.34,15,2024-06-06
3,Product_93,Toys,494.8,19,2024-08-19
57,Product_79,Clothing,261.35,5,2024-09-19
20,Product_91,Groceries,41.96,9,2024-08-24
10,Product_59,Clothing,431.59,7,2024-08-26
67,Product_78,Books,279.04,1,2024-09-18
14,Product_25,Toys,34.43,11,2024-05-21
62,Product_57,Toys,271.6,20,2024-09-11
17,Product_30,Groceries,425.76,18,2024-09-22
28,Product_8,Electronics,93.42,10,2024-08-07
24,Product_23,Clothing,367.14,2,2024-09-17
34,Product_38,Electronics,256.36,14,2024-06-27
15,Product_28,Clothing,125.69,5,2024-12-22
44,Product_45,Clothing,171.12,2,2024-02-28
71,Product_69,Toys,126.22,1,2024-12-07
64,Product_99,Electronics,39.41,6,2024-07-29
55,Product_92,Clothing,151.09,16,2024-06-07
65,Product_56,Clothing,155.51,8,2024-08-27
31,Product_41,Books,96.44,12,2024-08-27
62,Product_24,Toys,398.13,18,2024-12-21
95,Product_97,Books,296.56,16,2024-03-09
88,Product_52,Groceries,48.39,3,2024-08-09
13,Product_59,Electronics,442.39,11,2024-12-12
9,Product_32,Toys,241.25,7,2024-07-10
64,Product_18,Books,420.51,2,2024-11-10
12,Product_12,Groceries,305.68,9,2024-07-31
38,Product_31,Books,387.98,13,2024-10-09
10,Product_98,Books,206.23,15,2024-07-20
68,Product_80,Groceries,351.47,2,2024-09-24
31,Product_15,Electronics,84.61,6,2024-07-07
17,Product_61,Clothing,136.23,3,2024-08-12
64,Product_43,Books,189.73,8,2024-03-12
56,Product_66,Clothing,128.68,14,2024-02-19
11,Product_77,Books,461.84,11,2024-10-03
38,Product_51,Clothing,73.28,19,2024-06-07
74,Product_63,Books,52.21,2,2024-07-26
79,Product_96,Groceries,493.32,6,2024-02-10
94,Product_96,Books,194.0,2,2024-05-27
9,Product_62,Clothing,129.83,12,2024-06-14
67,Product_79,Electronics,233.66,16,2024-01-11
38,Product_59,Groceries,365.03,14,2024-08-28
59,Product_48,Toys,37.03,13,2024-11-21
5,Product_70,Electronics,248.13,11,2024-08-20
64,Product_81,Electronics,378.41,9,2024-09-22
37,Product_33,Books,71.6,7,2024-10-05
45,Product_57,Clothing,409.34,5,2024-02-08
15,Product_4,Toys,137.55,3,2024-02-04
92,Product_83,Electronics,401.84,2,2024-05-10
98,Product_1,Toys,479.65,3,2024-04-23
45,Product_6,Electronics,451.97,18,2024-05-07
20,Product_86,Toys,32.24,13,2024-04-12
84,Product_76,Groceries,456.06,9,2024-10-29
86,Product_94,Electronics,253.82,18,2024-08-27
53,Product_83,Clothing,32.31,12,2024-04-01
85,Product_27,Books,140.43,10,2024-11-15
77,Product_92,Groceries,385.16,11,2024-05-22
66,Product_33,Electronics,367.3,9,2024-01-18
75,Product_95,Toys,67.09,15,2024-02-15
92,Product_15,Groceries,273.86,11,2024-02-19
67,Product_9,Groceries,192.11,6,2024-02-27
9,Product_58,Books,264.81,11,2024-06-04
31,Product_5,Groceries,452.46,1,2024-10-15
3,Product_34,Groceries,157.54,20,2024-08-27
55,Product_27,Groceries,60.92,1,2024-10-16
76,Product_84,Groceries,473.73,19,2024-06-21
38,Product_29,Electronics,418.28,20,2024-05-10
46,Product_84,Clothing,341.18,20,2024-05-01
35,Product_57,Electronics,461.98,9,2024-01-21
4,Product_58,Electronics,414.06,10,2024-08-28
53,Product_20,Books,232.25,5,2024-03-30
13,Product_45,Toys,499.8,18,2024-11-08
34,Product_16,Electronics,411.65,20,2024-03-08
57,Product_80,Groceries,103.67,1,2024-11-19
62,Product_61,Electronics,54.2,13,2024-01-23
63,Product_3,Electronics,218.82,18,2024-03-02
67,Product_96,Electronics,471.92,5,2024-01-12
8,Product_5,Books,49.89,6,2024-03-19
69,Product_69,Electronics,377.37,3,2024-05-14
61,Product_85,Electronics,100.15,5,2024-08-05
42,Product_5,Books,162.11,17,2024-02-13
61,Product_27,Books,365.49,4,2024-09-21
82,Product_18,Toys,250.87,6,2024-09-05
7,Product_8,Electronics,349.52,2,2024-03-28
20,Product_43,Toys,364.45,15,2024-09-27
49,Product_37,Toys,217.16,12,2024-07-01
64,Product_68,Books,278.35,19,2024-08-23
80,Product_51,Groceries,170.43,10,2024-12-03
100,Product_18,Groceries,498.41,5,2024-04-19
29,Product_41,Electronics,427.54,1,2024-01-07
66,Product_17,Toys,177.07,3,2024-12-14
35,Product_37,Groceries,404.01,10,2024-05-15
25,Product_80,Toys,462.51,7,2024-03-21
40,Product_85,Groceries,317.69,4,2024-09-15
11,Product_73,Toys,247.28,17,2024-10-18
68,Product_76,Toys,370.19,14,2024-09-29
18,Product_34,Electronics,402.72,2,2024-05-07
91,Product_73,Clothing,410.71,3,2024-08-06
81,Product_9,Toys,40.14,19,2024-07-06
32,Product_6,Electronics,483.71,16,2024-01-18
5,Product_27,Toys,439.38,1,2024-03-07
50,Product_90,Clothing,47.03,1,2024-04-16
48,Product_19,Books,80.17,13,2024-04-26
13,Product_2,Electronics,25.05,8,2024-03-29
25,Product_70,Toys,247.46,19,2024-01-13
67,Product_86,Toys,161.99,6,2024-01-13
25,Product_83,Electronics,327.48,1,2024-01-08
35,Product_29,Groceries,417.1,5,2024-02-25
94,Product_92,Books,113.15,11,2024-12-04
32,Product_76,Groceries,378.07,3,2024-11-23
38,Product_47,Toys,439.52,11,2024-05-18
33,Product_84,Groceries,38.29,19,2024-07-12
21,Product_15,Books,243.85,14,2024-06-04
84,Product_5,Electronics,50.94,11,2024-12-23
70,Product_84,Clothing,154.29,14,2024-06-29
27,Product_85,Electronics,16.94,14,2024-12-07
23,Product_51,Toys,419.47,13,2024-08-07
84,Product_9,Clothing,318.51,18,2024-10-09
33,Product_98,Books,322.46,13,2025-01-04
32,Product_86,Groceries,301.83,9,2024-10-21
88,Product_88,Groceries,156.07,14,2024-04-21
34,Product_1,Books,308.77,15,2024-10-06
78,Product_90,Books,104.67,9,2024-05-15
50,Product_20,Books,229.43,9,2024-03-27
91,Product_23,Groceries,203.55,5,2024-06-17
5,Product_14,Toys,186.69,4,2024-01-19
12,Product_79,Books,328.69,2,2024-11-25
16,Product_50,Clothing,250.3,19,2024-10-24
27,Product_76,Electronics,312.69,12,2024-02-12
18,Product_9,Clothing,140.15,8,2024-03-20
22,Product_3,Toys,9.39,8,2024-12-04
65,Product_31,Books,296.04,13,2024-09-07
19,Product_37,Groceries,366.04,7,2024-09-28
76,Product_2,Books,371.76,5,2024-07-22
45,Product_52,Books,156.21,18,2024-11-29
96,Product_47,Toys,289.96,19,2024-02-16
30,Product_8,Clothing,382.13,16,2024-10-15
98,Product_38,Electronics,193.91,20,2024-05-22
28,Product_27,Groceries,267.77,4,2024-06-06
12,Product_63,Books,477.27,1,2024-06-04
66,Product_90,Groceries,113.46,1,2024-04-20
79,Product_45,Toys,455.47,14,2025-01-03
92,Product_36,Groceries,426.38,11,2024-02-03
26,Product_66,Books,33.17,6,2024-08-22
51,Product_16,Books,331.37,19,2024-11-28
57,Product_11,Clothing,306.27,12,2024-04-17
74,Product_37,Toys,145.7,4,2024-02-17
100,Product_81,Groceries,51.91,19,2024-07-31
49,Product_1,Books,385.04,6,2024-01-15
64,Product_21,Books,341.08,12,2024-04-08
87,Product_55,Books,199.97,1,2024-05-11
96,Product_2,Groceries,377.28,19,2024-01-18
81,Product_25,Books,276.56,2,2024-12-30
6,Product_36,Books,76.9,13,2024-09-05
33,Product_64,Electronics,345.24,14,2024-05-26
90,Product_17,Electronics,481.42,1,2024-11-26
5,Product_82,Electronics,64.69,9,2024-07-04
42,Product_37,Books,350.13,6,2024-04-25
85,Product_10,Toys,144.31,3,2024-11-12
63,Product_72,Toys,152.46,3,2024-09-11
55,Product_74,Groceries,31.92,6,2024-08-27
34,Product_42,Electronics,369.14,4,2024-02-20
91,Product_71,Groceries,341.32,2,2024-04-12
51,Product_1,Groceries,491.68,1,2024-08-07
75,Product_31,Toys,419.94,12,2024-08-24
43,Product_93,Electronics,295.15,11,2024-08-14
79,Product_93,Groceries,394.55,15,2024-03-23
84,Product_26,Toys,331.23,20,2024-04-27
81,Product_32,Clothing,420.21,12,2024-02-23
7,Product_24,Clothing,248.85,8,2024-01-22
12,Product_84,Toys,149.71,12,2024-06-04
81,Product_92,Toys,444.56,5,2024-08-05
93,Product_41,Groceries,453.52,19,2024-10-05
99,Product_91,Books,238.76,14,2024-05-08
97,Product_61,Groceries,320.55,5,2024-05-16
59,Product_41,Books,68.9,13,2024-07-15
82,Product_96,Groceries,74.96,2,2024-01-05
8,Product_54,Toys,396.61,1,2024-02-13
81,Product_63,Toys,434.27,9,2024-04-08
59,Product_1,Groceries,364.67,10,2024-09-30
9,Product_69,Toys,339.68,4,2024-04-05
42,Product_35,Clothing,440.7,2,2024-10-24
90,Product_25,Groceries,314.5,16,2024-11-30
69,Product_18,Toys,60.14,12,2024-05-09
39,Product_1,Groceries,466.09,7,2024-10-30
42,Product_59,Clothing,426.06,4,2024-05-27
1,Product_24,Books,334.51,16,2024-08-26
99,Product_61,Clothing,227.85,16,2024-03-11
57,Product_73,Toys,430.58,5,2024-11-17
91,Product_41,Clothing,371.84,8,2024-10-10
95,Product_91,Electronics,39.45,13,2024-08-25
32,Product_16,Books,284.29,11,2024-05-13
29,Product_83,Electronics,498.3,12,2024-06-03
42,Product_14,Books,443.22,4,2024-11-29
4,Product_23,Books,336.25,8,2024-10-17
80,Product_18,Clothing,426.81,19,2024-05-12
14,Product_68,Groceries,164.0,13,2024-10-08
79,Product_54,Toys,246.06,4,2024-09-08
13,Product_5,Clothing,141.74,7,2024-10-10
93,Product_88,Toys,29.16,15,2024-11-22
17,Product_39,Electronics,34.73,5,2024-02-02
42,Product_98,Groceries,377.4,1,2024-02-19
21,Product_29,Toys,262.48,14,2024-01-22
73,Product_21,Books,194.55,6,2025-01-02
64,Product_18,Toys,409.27,19,2024-09-26
71,Product_61,Clothing,314.25,2,2024-12-12
96,Product_36,Books,405.8,16,2024-09-16
60,Product_3,Toys,327.19,6,2024-05-16
73,Product_65,Electronics,18.65,20,2024-12-16
57,Product_60,Clothing,82.85,3,2024-10-08
100,Product_39,Groceries,241.82,8,2024-05-13
67,Product_77,Groceries,20.14,6,2024-04-01
33,Product_51,Clothing,338.16,2,2024-10-24
88,Product_74,Clothing,275.45,12,2024-09-27
54,Product_69,Groceries,85.92,13,2024-08-14
23,Product_71,Toys,484.65,6,2024-01-14
21,Product_49,Books,439.04,1,2024-12-04
73,Product_79,Books,114.84,10,2024-06-12
94,Product_39,Electronics,162.05,7,2024-09-18
5,Product_87,Electronics,190.93,15,2024-04-26
76,Product_20,Toys,374.72,7,2024-03-30
23,Product_43,Clothing,317.85,3,2024-03-28
61,Product_29,Clothing,499.42,4,2024-11-30
82,Product_60,Electronics,43.92,11,2024-10-28
50,Product_34,Clothing,98.32,1,2024-09-09
78,Product_56,Books,278.37,1,2024-10-14
97,Product_35,Toys,124.25,17,2024-10-06
19,Product_70,Toys,467.16,9,2024-04-28
1,Product_19,Books,167.23,16,2024-07-06
97,Product_96,Books,395.14,15,2024-06-18
79,Product_68,Toys,390.78,2,2024-09-10
75,Product_93,Clothing,137.05,19,2024-05-11
2,Product_48,Groceries,146.83,18,2024-12-30
93,Product_94,Electronics,174.03,17,2024-07-15
46,Product_56,Books,15.22,12,2024-10-11
96,Product_8,Toys,225.87,18,2024-09-22
19,Product_67,Toys,442.13,9,2024-10-06
38,Product_67,Books,135.5,16,2024-09-18
47,Product_66,Electronics,67.06,4,2024-06-08
88,Product_83,Clothing,235.46,14,2024-07-04
80,Product_27,Clothing,99.3,4,2024-04-24
15,Product_74,Groceries,252.02,19,2024-11-10
82,Product_6,Books,151.57,1,2024-01-19
84,Product_98,Groceries,92.71,1,2024-04-19
34,Product_70,Books,136.22,1,2024-05-03
30,Product_84,Clothing,246.77,12,2024-02-14
15,Product_86,Electronics,418.13,20,2024-05-09
26,Product_73,Electronics,55.81,4,2024-04-23
8,Product_27,Clothing,232.55,19,2024-07-25
35,Product_65,Electronics,76.26,11,2024-08-14
34,Product_87,Electronics,259.03,17,2024-03-18
31,Product_42,Clothing,118.52,18,2024-12-06
95,Product_41,Groceries,177.49,5,2024-02-29
77,Product_56,Clothing,398.62,15,2024-05-19
77,Product_31,Books,316.84,4,2024-04-10
18,Product_96,Books,281.46,10,2024-10-13
90,Product_95,Groceries,28.0,19,2024-08-10
6,Product_3,Groceries,193.18,8,2024-09-15
95,Product_86,Electronics,120.27,13,2024-04-05
26,Product_52,Electronics,116.35,9,2024-10-12
47,Product_58,Electronics,178.05,20,2024-03-06
62,Product_68,Clothing,480.86,17,2024-01-26
48,Product_81,Clothing,293.38,3,2024-06-16
94,Product_45,Groceries,264.46,1,2024-07-26
11,Product_24,Clothing,476.76,17,2024-08-08
15,Product_7,Electronics,98.9,16,2024-03-11
57,Product_29,Clothing,209.11,9,2024-11-25
44,Product_92,Toys,175.65,8,2024-10-27
58,Product_44,Electronics,15.6,5,2024-12-25
13,Product_70,Electronics,228.88,10,2024-09-14
9,Product_94,Books,144.5,7,2024-12-14
33,Product_75,Groceries,303.28,2,2024-01-23
98,Product_67,Electronics,378.72,16,2024-12-14
58,Product_8,Electronics,42.5,4,2024-07-02
61,Product_58,Toys,469.78,9,2024-05-30
23,Product_80,Clothing,323.89,13,2024-09-17
40,Product_95,Books,81.05,16,2024-03-10
27,Product_7,Toys,488.2,20,2024-03-17
1,Product_73,Groceries,487.58,7,2024-01-20
34,Product_16,Toys,268.87,1,2024-12-11
27,Product_27,Books,313.03,18,2024-02-04
19,Product_62,Toys,43.37,13,2024-04-11
44,Product_11,Books,106.22,11,2024-08-11
14,Product_6,Clothing,246.37,10,2024-02-23
69,Product_83,Toys,348.31,19,2024-10-26
65,Product_77,Groceries,107.21,19,2024-03-26
14,Product_83,Clothing,252.02,6,2024-08-30
28,Product_52,Electronics,308.51,2,2025-01-01
88,Product_16,Electronics,110.41,4,2024-05-15
98,Product_46,Toys,212.08,19,2024-01-09
83,Product_96,Clothing,386.02,4,2024-04-03
48,Product_52,Groceries,10.29,9,2024-06-17
26,Product_1,Electronics,205.78,12,2024-04-23
15,Product_92,Groceries,40.85,12,2024-03-05
70,Product_50,Groceries,316.54,13,2024-02-11
92,Product_55,Electronics,195.24,13,2024-12-05
31,Product_62,Clothing,226.24,12,2024-11-18
25,Product_25,Groceries,382.98,15,2024-04-20
93,Product_23,Toys,254.21,19,2024-04-25
55,Product_86,Electronics,358.11,4,2024-08-08
28,Product_63,Electronics,179.39,8,2024-07-13
75,Product_29,Groceries,313.47,20,2024-07-15
9,Product_51,Electronics,50.53,6,2024-08-29
65,Product_40,Toys,96.68,12,2024-12-23
42,Product_40,Books,81.03,14,2024-09-16
47,Product_99,Books,81.37,19,2024-06-20
57,Product_95,Groceries,359.06,8,2024-01-21
5,Product_49,Toys,453.19,8,2024-11-14
5,Product_29,Groceries,324.42,19,2024-01-17
88,Product_74,Books,288.45,13,2024-06-20
73,Product_11,Books,97.71,15,2024-11-10
89,Product_14,Groceries,113.06,4,2024-07-09
3,Product_84,Books,433.04,7,2024-12-27
75,Product_76,Clothing,461.61,15,2024-05-30
91,Product_40,Books,187.99,3,2024-07-08
12,Product_84,Electronics,456.97,14,2024-03-16
73,Product_16,Toys,361.84,18,2024-08-02
92,Product_49,Clothing,128.18,6,2024-06-13
57,Product_29,Clothing,315.55,8,2024-12-06
32,Product_46,Toys,164.58,12,2024-08-19
54,Product_32,Books,317.9,12,2024-08-10
32,Product_18,Books,403.15,19,2024-02-23
61,Product_44,Electronics,58.73,5,2024-06-23
82,Product_76,Toys,330.56,3,2024-06-26
4,Product_17,Books,13.33,15,2024-04-07
66,Product_62,Clothing,439.02,11,2024-01-29
41,Product_45,Books,30.44,1,2024-08-08
46,Product_61,Clothing,103.01,8,2024-11-20
67,Product_3,Books,152.15,20,2024-08-07
66,Product_75,Toys,225.1,8,2024-10-07
88,Product_70,Electronics,278.14,5,2024-05-17
31,Product_65,Clothing,302.55,8,2024-03-03
81,Product_81,Groceries,301.98,12,2024-12-15
56,Product_63,Books,489.32,16,2024-09-22
73,Product_10,Electronics,379.22,19,2024-04-06
70,Product_52,Books,108.87,4,2024-06-02
80,Product_27,Books,336.04,13,2024-09-14
54,Product_32,Toys,340.91,4,2024-11-09
44,Product_17,Clothing,469.34,1,2024-04-28
38,Product_25,Electronics,408.93,6,2024-10-24
64,Product_68,Books,379.44,13,2024-03-02
93,Product_96,Groceries,97.07,10,2024-03-09
45,Product_92,Groceries,108.77,2,2024-07-16
8,Product_59,Books,15.94,15,2024-01-26
72,Product_83,Toys,44.05,6,2024-06-07
26,Product_12,Clothing,81.61,16,2024-09-21
50,Product_11,Books,89.66,7,2024-12-24
79,Product_79,Electronics,211.43,13,2024-09-13
93,Product_43,Toys,222.07,2,2024-07-11
70,Product_58,Clothing,338.23,19,2024-05-06
14,Product_97,Toys,74.95,14,2024-05-16
15,Product_80,Electronics,289.96,18,2024-09-26
55,Product_48,Books,412.58,1,2024-03-19
99,Product_14,Toys,340.11,18,2024-04-07
85,Product_80,Electronics,74.81,6,2024-08-11
38,Product_31,Toys,257.6,10,2024-12-20
67,Product_86,Toys,351.44,3,2024-04-07
35,Product_15,Books,88.52,5,2024-11-06
68,Product_80,Groceries,271.51,12,2024-06-29
87,Product_74,Electronics,426.0,19,2024-07-10
74,Product_37,Clothing,389.15,4,2025-01-04
32,Product_96,Electronics,359.23,9,2024-04-22
87,Product_48,Groceries,184.28,9,2024-12-11
44,Product_41,Groceries,94.47,15,2024-11-30
68,Product_61,Toys,287.97,11,2024-11-16
75,Product_87,Books,323.01,1,2024-02-03
72,Product_30,Groceries,386.41,12,2024-11-22
24,Product_2,Clothing,164.86,19,2024-09-26
87,Product_42,Books,231.27,12,2024-02-23
51,Product_2,Electronics,400.63,4,2024-01-28
74,Product_26,Toys,216.58,18,2024-04-18
2,Product_12,Groceries,146.71,7,2024-02-14
32,Product_52,Electronics,305.46,7,2024-11-08
98,Product_29,Groceries,152.8,11,2024-06-30
31,Product_74,Electronics,58.92,12,2024-09-27
19,Product_45,Toys,130.3,1,2024-05-23
58,Product_4,Groceries,331.26,15,2024-12-03
72,Product_29,Clothing,143.12,18,2024-07-16
40,Product_63,Books,101.82,16,2024-05-18
83,Product_13,Toys,110.59,15,2024-01-26
79,Product_74,Clothing,371.29,8,2024-05-02
71,Product_47,Groceries,83.13,12,2024-02-03
12,Product_3,Groceries,160.17,6,2024-11-17
65,Product_7,Groceries,161.03,12,2024-09-11
84,Product_93,Electronics,436.42,3,2024-08-06
59,Product_27,Clothing,283.07,13,2024-02-22
13,Product_42,Toys,177.01,5,2024-05-25
1,Product_72,Electronics,248.38,7,2024-01-17
36,Product_36,Clothing,146.63,3,2024-08-17
43,Product_40,Electronics,450.89,4,2024-08-04
15,Product_41,Toys,117.66,1,2024-03-14
51,Product_28,Clothing,122.69,4,2024-01-10
58,Product_17,Electronics,269.8,1,2024-07-08
21,Product_46,Toys,159.9,8,2024-11-26
60,Product_92,Books,24.92,9,2024-05-10
18,Product_7,Groceries,481.73,14,2024-05-06
38,Product_53,Toys,299.72,9,2024-07-01
51,Product_99,Electronics,394.11,20,2024-10-05
26,Product_52,Clothing,438.6,5,2024-03-13
69,Product_52,Groceries,486.7,18,2024-10-12
75,Product_1,Books,378.16,19,2024-12-31
54,Product_20,Toys,497.43,1,2024-04-16
72,Product_100,Electronics,291.5,8,2024-05-24
20,Product_41,Groceries,332.25,11,2024-02-27
37,Product_44,Electronics,39.37,1,2024-10-27
76,Product_59,Groceries,204.14,7,2024-09-30
61,Product_97,Books,480.85,1,2024-05-23
75,Product_69,Toys,317.07,3,2024-03-10
61,Product_65,Toys,110.23,13,2024-06-10
42,Product_35,Groceries,236.79,3,2024-03-25
40,Product_13,Clothing,232.31,9,2024-05-06
25,Product_92,Clothing,53.87,7,2024-03-31
56,Product_89,Groceries,370.19,8,2024-06-27
6,Product_36,Groceries,15.61,2,2024-06-01
22,Product_5,Books,130.99,3,2024-12-24
63,Product_13,Books,177.7,9,2024-09-20
95,Product_80,Books,284.3,17,2024-12-28
8,Product_30,Groceries,466.53,12,2024-11-07
6,Product_27,Books,45.49,6,2024-09-18
83,Product_23,Clothing,487.39,16,2024-08-07
30,Product_65,Clothing,139.38,20,2024-01-07
39,Product_31,Books,277.28,5,2024-06-05
76,Product_74,Books,367.93,8,2024-06-24
21,Product_23,Electronics,31.42,9,2024-05-08
86,Product_92,Toys,9.89,8,2024-03-31
59,Product_27,Groceries,214.09,15,2024-10-12
51,Product_3,Books,130.21,13,2024-03-28
23,Product_24,Groceries,384.26,1,2024-11-14
35,Product_39,Books,14.36,1,2025-01-04
58,Product_63,Toys,9.46,14,2024-01-18
44,Product_6,Electronics,223.13,7,2024-05-04
43,Product_33,Groceries,224.41,5,2024-01-21
38,Product_92,Clothing,19.65,20,2024-01-08
37,Product_12,Clothing,19.95,7,2024-05-14
98,Product_48,Clothing,404.96,20,2024-11-02
21,Product_62,Books,443.72,11,2024-11-25
9,Product_61,Electronics,213.07,14,2024-07-30
19,Product_69,Groceries,338.17,18,2024-02-12
85,Product_10,Clothing,237.04,11,2024-10-25
86,Product_85,Electronics,367.33,16,2024-05-20
12,Product_15,Groceries,348.21,6,2024-05-23
93,Product_48,Clothing,178.15,1,2024-09-23
45,Product_6,Toys,390.58,11,2024-11-21
33,Product_70,Books,222.06,2,2024-05-27
43,Product_9,Electronics,356.69,12,2024-08-01
22,Product_51,Electronics,275.78,20,2024-08-26
45,Product_39,Toys,213.27,18,2024-09-21
37,Product_88,Toys,252.55,9,2024-02-07
88,Product_44,Toys,183.12,14,2024-09-10
16,Product_100,Books,371.86,5,2024-11-01
58,Product_67,Books,108.88,17,2024-01-16
43,Product_36,Toys,428.33,13,2024-06-13
83,Product_65,Electronics,230.65,20,2024-03-08
97,Product_89,Clothing,179.71,17,2024-06-03
62,Product_91,Clothing,86.48,19,2024-11-16
75,Product_92,Clothing,488.44,14,2024-09-09
53,Product_80,Books,248.12,20,2024-04-29
66,Product_79,Books,342.88,10,2024-06-16
92,Product_78,Clothing,422.12,1,2024-12-03
8,Product_53,Books,110.68,13,2024-09-20
87,Product_44,Clothing,329.75,5,2024-06-11
53,Product_13,Groceries,87.2,5,2024-07-31
36,Product_18,Groceries,17.89,12,2024-06-10
87,Product_18,Groceries,55.58,15,2024-09-21
64,Product_10,Groceries,317.71,15,2024-03-20
43,Product_34,Groceries,208.94,12,2024-10-02
79,Product_12,Groceries,100.84,13,2024-08-23
78,Product_67,Electronics,309.91,3,2024-05-28
35,Product_38,Books,44.1,5,2024-07-02
93,Product_46,Groceries,157.88,16,2024-03-31
54,Product_47,Books,370.77,12,2024-03-20
63,Product_92,Electronics,443.87,10,2024-07-13
66,Product_93,Groceries,138.19,4,2024-05-19
27,Product_30,Groceries,231.12,4,2024-02-28
36,Product_81,Books,436.31,5,2024-10-21
94,Product_85,Books,481.11,4,2024-09-26
85,Product_85,Groceries,307.51,7,2024-07-12
20,Product_100,Electronics,338.16,8,2024-04-25
45,Product_68,Electronics,181.29,11,2024-03-27
81,Product_40,Groceries,247.24,13,2024-12-15
80,Product_47,Books,208.65,20,2024-07-08
79,Product_71,Toys,277.07,18,2024-05-12
50,Product_92,Toys,66.25,19,2024-12-04
89,Product_99,Clothing,113.14,20,2024-08-11
47,Product_31,Electronics,258.28,13,2024-09-10
62,Product_79,Toys,17.71,20,2024-05-28
52,Product_19,Books,359.37,20,2024-05-18
92,Product_3,Clothing,48.9,17,2024-03-09
40,Product_69,Books,87.65,16,2024-11-11
15,Product_76,Toys,306.34,16,2024-11-02
32,Product_31,Electronics,160.98,8,2024-09-28
37,Product_56,Electronics,42.62,20,2024-03-20
57,Product_39,Books,185.77,4,2024-08-08
70,Product_78,Books,378.39,19,2024-07-14
7,Product_98,Clothing,318.63,14,2024-03-14
5,Product_22,Groceries,170.08,16,2024-07-23
26,Product_40,Books,480.0,10,2024-01-25
4,Product_49,Books,437.72,12,2024-04-14
14,Product_91,Electronics,53.81,18,2024-11-12
47,Product_47,Clothing,469.58,2,2024-12-01
29,Product_22,Groceries,447.96,19,2024-09-10
63,Product_40,Groceries,401.56,1,2024-07-07
82,Product_27,Groceries,8.53,1,2024-02-29
75,Product_23,Electronics,231.74,5,2024-04-07
70,Product_87,Groceries,263.14,9,2024-11-28
65,Product_98,Books,384.67,13,2024-12-01
55,Product_24,Toys,256.25,3,2024-12-05
52,Product_44,Clothing,6.98,4,2024-12-05
36,Product_25,Groceries,22.04,7,2024-05-17
42,Product_29,Toys,26.72,18,2024-10-27
92,Product_42,Groceries,479.98,13,2024-05-22
80,Product_32,Toys,121.14,1,2024-11-10
60,Product_14,Clothing,386.41,5,2024-11-05
80,Product_25,Books,355.64,20,2024-10-24
83,Product_75,Electronics,133.78,19,2024-12-01
59,Product_34,Toys,323.02,18,2024-09-21
36,Product_41,Groceries,330.73,12,2024-03-06
28,Product_50,Electronics,72.41,3,2024-02-15
88,Product_18,Toys,415.69,2,2024-04-07
39,Product_96,Groceries,306.16,2,2024-08-07
36,Product_4,Clothing,77.77,14,2024-02-21
52,Product_65,Electronics,21.35,15,2024-06-12
80,Product_90,Books,225.11,20,2024-05-04
78,Product_53,Electronics,139.8,1,2024-12-11
86,Product_100,Toys,416.28,19,2024-07-30
21,Product_15,Groceries,302.23,20,2024-03-24
83,Product_87,Groceries,88.07,15,2024-01-09
95,Product_97,Clothing,478.02,4,2024-08-11
20,Product_43,Books,154.68,8,2024-03-09
87,Product_16,Clothing,492.63,18,2024-11-29
75,Product_50,Clothing,172.57,7,2024-09-10
61,Product_57,Books,80.3,1,2024-03-30
70,Product_43,Electronics,117.29,3,2024-02-15
7,Product_97,Electronics,446.43,14,2024-09-28
55,Product_73,Electronics,303.01,4,2024-04-24
16,Product_28,Electronics,252.0,16,2024-08-01
77,Product_72,Clothing,211.02,2,2024-04-26
37,Product_19,Books,176.45,18,2024-09-08
69,Product_95,Clothing,499.85,9,2024-02-23
2,Product_41,Books,100.49,16,2024-12-06
77,Product_40,Books,39.82,8,2024-04-10
21,Product_29,Electronics,468.26,8,2024-03-26
27,Product_29,Books,346.62,11,2024-04-23
88,Product_60,Clothing,468.82,17,2024-03-03
83,Product_44,Electronics,315.58,18,2024-02-09
65,Product_12,Toys,480.05,10,2024-02-03
71,Product_3,Clothing,235.74,7,2024-02-29
11,Product_41,Electronics,246.98,5,2024-09-13
48,Product_1,Clothing,72.15,7,2024-07-01
80,Product_73,Groceries,240.55,14,2024-05-23
48,Product_98,Electronics,125.18,3,2024-08-08
78,Product_53,Electronics,477.28,20,2024-05-16
48,Product_51,Electronics,135.52,7,2024-05-08
13,Product_41,Toys,288.94,12,2024-11-09
75,Product_42,Groceries,43.65,3,2024-10-07
69,Product_73,Electronics,63.8,2,2024-07-16
43,Product_66,Books,455.08,9,2024-12-18
3,Product_97,Clothing,261.69,7,2024-02-21
87,Product_17,Groceries,347.82,14,2024-04-12
32,Product_72,Toys,305.29,12,2024-11-15
23,Product_77,Toys,229.1,9,2024-10-23
12,Product_6,Groceries,374.51,2,2024-03-10
60,Product_47,Clothing,332.59,9,2024-11-26
3,Product_71,Books,139.01,19,2024-09-30
58,Product_44,Clothing,21.81,17,2024-10-19
1,Product_63,Electronics,119.92,6,2025-01-02
15,Product_14,Toys,257.34,10,2024-01-25
62,Product_49,Electronics,185.03,9,2024-12-04
28,Product_33,Toys,386.6,15,2024-10-05
29,Product_32,Toys,458.53,14,2024-02-23
2,Product_46,Clothing,327.11,6,2024-01-31
79,Product_20,Books,244.89,5,2024-05-03
19,Product_81,Books,279.1,3,2024-04-25
59,Product_67,Clothing,47.91,6,2024-10-31
57,Product_47,Clothing,216.43,3,2024-08-06
45,Product_59,Toys,139.18,10,2024-10-19
93,Product_70,Groceries,422.29,12,2024-08-02
70,Product_53,Toys,168.16,8,2024-04-25
66,Product_9,Groceries,398.05,9,2024-04-06
85,Product_89,Clothing,455.74,18,2024-03-01
36,Product_52,Toys,380.77,12,2024-07-22
67,Product_10,Clothing,449.68,16,2024-09-01
25,Product_62,Toys,290.91,11,2024-01-12
31,Product_99,Clothing,378.79,1,2024-10-03
22,Product_90,Toys,131.59,2,2024-07-30
32,Product_89,Electronics,166.21,1,2024-01-31
88,Product_26,Electronics,128.8,13,2024-05-15
80,Product_90,Electronics,485.65,13,2024-09-06
23,Product_43,Electronics,466.67,5,2024-07-24
7,Product_85,Electronics,132.52,15,2024-04-30
2,Product_97,Groceries,233.4,9,2024-08-29
2,Product_8,Electronics,7.13,5,2024-03-13
81,Product_35,Clothing,94.35,1,2024-07-24
60,Product_41,Groceries,348.71,17,2024-06-01
23,Product_62,Groceries,210.23,7,2024-06-16
11,Product_4,Books,137.71,9,2024-11-19
40,Product_40,Toys,40.26,4,2024-08-14
39,Product_44,Clothing,471.93,12,2024-12-28
9,Product_71,Books,237.98,16,2024-08-27
35,Product_49,Toys,313.94,11,2024-01-06
81,Product_87,Groceries,98.86,11,2024-03-22
57,Product_47,Toys,176.16,16,2024-01-19
68,Product_45,Toys,209.22,7,2024-06-01
21,Product_41,Toys,462.69,1,2024-06-15
23,Product_84,Electronics,55.4,19,2024-03-03
67,Product_47,Toys,444.35,20,2024-07-01
53,Product_7,Clothing,110.13,14,2024-07-06
82,Product_77,Clothing,131.75,5,2024-07-14
53,Product_79,Books,11.84,5,2024-09-02
10,Product_92,Books,217.86,1,2024-04-24
29,Product_69,Toys,228.26,17,2024-11-15
89,Product_27,Groceries,465.33,1,2024-09-05
21,Product_13,Electronics,171.48,14,2024-09-30
51,Product_11,Clothing,302.3,15,2024-07-18
54,Product_27,Groceries,321.13,19,2024-06-11
96,Product_88,Toys,45.71,12,2024-05-20
26,Product_94,Groceries,83.8,14,2024-02-09
20,Product_65,Clothing,58.61,14,2024-05-18
26,Product_49,Books,480.64,5,2024-06-27
38,Product_89,Books,387.64,3,2024-09-09
11,Product_74,Books,45.0,12,2024-07-17
82,Product_93,Clothing,308.3,12,2024-11-05
8,Product_47,Electronics,393.26,14,2024-10-31
40,Product_22,Books,231.63,8,2024-10-03
84,Product_70,Groceries,493.9,5,2024-02-05
27,Product_42,Clothing,412.85,8,2024-05-24
65,Product_37,Toys,289.09,18,2024-09-15
98,Product_80,Clothing,267.39,15,2024-11-29
21,Product_95,Toys,226.86,7,2024-08-08
44,Product_4,Toys,114.45,19,2024-10-20
24,Product_46,Books,397.75,7,2024-12-21
29,Product_37,Books,457.83,6,2024-02-23
92,Product_18,Electronics,157.83,2,2024-11-05
58,Product_87,Electronics,228.84,20,2024-06-10
36,Product_67,Books,450.19,2,2024-08-09
62,Product_41,Toys,427.45,10,2024-12-25
1,Product_40,Electronics,370.18,10,2024-05-08
47,Product_96,Toys,76.82,6,2024-12-08
98,Product_100,Groceries,284.23,1,2024-05-23
53,Product_86,Groceries,190.3,10,2024-07-22
42,Product_93,Books,8.31,18,2024-11-21
65,Product_9,Clothing,354.74,7,2024-12-20
35,Product_2,Electronics,255.56,7,2024-05-30
62,Product_88,Books,436.07,17,2024-09-23
46,Product_29,Groceries,335.15,13,2024-06-02
39,Product_85,Electronics,408.1,12,2024-10-20
62,Product_33,Books,162.33,8,2024-09-17
35,Product_98,Groceries,374.99,3,2024-02-27
31,Product_57,Groceries,180.37,11,2024-04-02
64,Product_20,Toys,315.84,15,2024-09-09
54,Product_37,Groceries,496.68,9,2024-08-19
97,Product_100,Books,257.08,19,2024-09-13
37,Product_64,Electronics,434.92,15,2024-03-13
60,Product_33,Books,453.25,19,2024-06-02
14,Product_43,Clothing,46.14,12,2024-04-15
50,Product_52,Books,376.94,15,2024-06-24
59,Product_71,Electronics,243.92,16,2024-04-27
65,Product_48,Electronics,88.47,13,2024-01-12
22,Product_99,Clothing,399.42,17,2024-05-02
71,Product_27,Books,420.22,1,2024-02-18
97,Product_80,Electronics,483.65,12,2024-08-11
77,Product_35,Books,106.42,17,2024-12-20
91,Product_49,Groceries,194.99,7,2025-01-04
42,Product_33,Clothing,266.44,8,2024-06-18
61,Product_94,Clothing,302.91,2,2024-11-30
53,Product_61,Toys,204.33,11,2024-11-16
38,Product_64,Clothing,443.75,16,2024-01-18
7,Product_86,Electronics,279.69,6,2024-01-13
90,Product_17,Groceries,5.3,20,2024-05-16
11,Product_32,Clothing,488.82,7,2024-01-09
16,Product_3,Groceries,125.78,4,2024-01-06
1,Product_44,Toys,321.43,10,2024-01-06
91,Product_95,Books,305.56,1,2024-03-11
32,Product_56,Books,28.02,12,2024-08-11
16,Product_29,Electronics,413.28,3,2024-03-23
2,Product_19,Books,71.6,5,2024-10-07
12,Product_65,Electronics,134.81,6,2024-06-14
24,Product_56,Toys,9.8,3,2024-05-02
82,Product_20,Toys,358.07,14,2024-09-18
75,Product_53,Groceries,186.31,10,2024-02-05
54,Product_30,Clothing,58.0,5,2024-02-25
13,Product_87,Books,35.83,8,2024-01-05
29,Product_27,Toys,345.99,15,2024-06-20
78,Product_68,Books,410.94,15,2024-03-11
39,Product_77,Books,34.71,4,2024-10-16
35,Product_6,Electronics,180.89,19,2024-02-03
21,Product_38,Electronics,336.34,8,2024-01-09
7,Product_79,Clothing,170.78,13,2024-01-31
13,Product_47,Toys,103.38,15,2024-04-11
5,Product_16,Clothing,356.67,9,2024-11-07
58,Product_73,Books,449.05,20,2024-05-02
40,Product_1,Electronics,400.57,18,2024-09-10
52,Product_3,Groceries,188.41,7,2024-09-22
47,Product_23,Books,260.33,13,2024-09-10
88,Product_22,Electronics,291.12,5,2024-06-16
46,Product_13,Books,474.76,20,2024-07-29
44,Product_76,Toys,384.91,20,2024-01-16
19,Product_37,Electronics,277.45,12,2024-10-31
3,Product_8,Toys,103.7,1,2024-02-08
80,Product_73,Books,118.14,6,2024-03-05
27,Product_60,Books,391.4,15,2024-04-04
34,Product_55,Clothing,117.47,20,2024-05-10
4,Product_58,Electronics,151.39,13,2024-02-23
83,Product_96,Electronics,483.82,1,2024-11-28
43,Product_95,Clothing,298.43,3,2024-01-29
23,Product_15,Books,245.39,9,2024-10-06
1,Product_95,Clothing,112.34,15,2024-08-21
21,Product_76,Clothing,232.37,14,2024-02-12
62,Product_94,Clothing,408.61,2,2024-11-06
78,Product_18,Groceries,293.3,8,2024-08-25
29,Product_50,Electronics,395.09,8,2024-08-19
32,Product_28,Toys,364.09,8,2024-02-02
35,Product_40,Books,141.07,16,2024-08-22
35,Product_40,Groceries,369.38,4,2024-02-27
60,Product_64,Groceries,72.85,10,2024-03-11
97,Product_15,Groceries,420.72,5,2024-07-25
100,Product_39,Toys,453.61,2,2024-08-14
32,Product_22,Clothing,255.79,20,2024-10-15
12,Product_81,Groceries,266.38,18,2024-09-23
8,Product_27,Groceries,476.9,18,2024-10-22
27,Product_70,Toys,32.81,6,2024-06-15
20,Product_58,Clothing,219.9,19,2024-07-04
65,Product_56,Electronics,106.32,8,2024-05-10
12,Product_49,Electronics,320.17,12,2024-10-24
50,Product_10,Toys,437.7,2,2024-12-02
53,Product_29,Books,11.26,2,2024-08-18
14,Product_24,Books,40.53,11,2024-04-30
42,Product_32,Toys,229.41,7,2024-09-19
3,Product_4,Books,487.07,11,2024-07-15
87,Product_29,Electronics,143.35,5,2024-06-04
86,Product_79,Clothing,91.46,10,2024-07-31
37,Product_55,Books,102.3,9,2024-10-27
98,Product_84,Toys,65.51,17,2024-02-13
76,Product_56,Books,105.86,5,2024-05-01
3,Product_94,Electronics,457.42,16,2024-06-03
80,Product_21,Toys,367.22,8,2024-11-22
28,Product_46,Groceries,88.86,7,2024-06-24
60,Product_76,Toys,406.15,2,2024-08-12
62,Product_76,Groceries,473.03,13,2024-02-02
79,Product_16,Groceries,89.28,15,2024-09-17
99,Product_20,Toys,474.71,4,2024-03-22
60,Product_88,Clothing,350.49,7,2024-11-11
39,Product_12,Groceries,310.14,17,2024-08-23
39,Product_14,Groceries,358.13,4,2024-02-23
46,Product_88,Toys,360.7,11,2024-02-12
51,Product_50,Groceries,84.63,16,2024-04-07
37,Product_9,Toys,207.77,20,2024-07-13
54,Product_41,Books,222.66,19,2024-02-03
16,Product_85,Toys,398.4,4,2024-01-05
69,Product_25,Electronics,345.34,9,2024-08-08
39,Product_60,Electronics,284.52,5,2024-10-10
15,Product_54,Toys,144.34,17,2024-10-27
87,Product_93,Groceries,218.85,17,2024-10-30
63,Product_52,Toys,323.1,15,2024-03-12
75,Product_51,Groceries,88.83,6,2024-11-08
54,Product_60,Toys,423.5,4,2024-03-31
77,Product_40,Electronics,78.91,18,2024-12-02
49,Product_51,Groceries,88.75,9,2024-02-23
82,Product_57,Groceries,246.5,16,2024-01-17
41,Product_39,Books,25.77,18,2024-01-07
36,Product_20,Books,381.76,2,2024-08-30
84,Product_40,Groceries,215.01,5,2024-07-26
56,Product_25,Electronics,65.24,18,2024-02-14
30,Product_48,Groceries,380.19,9,2024-09-09
54,Product_7,Toys,427.41,11,2024-02-28
71,Product_5,Electronics,170.27,9,2024-05-22
35,Product_91,Books,287.35,9,2025-01-03
4,Product_45,Clothing,47.98,17,2024-10-16
93,Product_55,Books,485.74,13,2024-06-10
92,Product_68,Books,485.14,11,2024-12-18
67,Product_5,Books,426.49,20,2024-10-06
45,Product_39,Electronics,275.77,15,2024-07-04
94,Product_78,Groceries,224.36,15,2024-04-18
1,Product_94,Toys,114.23,18,2024-12-15
13,Product_30,Clothing,115.3,12,2024-09-01
20,Product_97,Toys,274.6,18,2024-07-25
25,Product_43,Groceries,12.22,8,2024-05-19
4,Product_48,Clothing,468.74,16,2024-01-26
82,Product_49,Groceries,112.9,16,2024-02-05
95,Product_65,Toys,273.96,18,2024-07-06
56,Product_25,Groceries,132.24,18,2024-10-01
77,Product_62,Books,475.82,11,2024-04-12
4,Product_93,Groceries,269.22,2,2024-03-16
67,Product_55,Clothing,26.82,2,2024-11-10
89,Product_50,Electronics,140.82,16,2024-03-03
53,Product_64,Books,406.73,10,2024-09-06
12,Product_6,Electronics,76.9,9,2024-03-02
92,Product_7,Electronics,333.13,3,2024-05-12
8,Product_20,Groceries,449.49,20,2024-02-08
73,Product_98,Groceries,19.15,2,2024-11-06
34,Product_15,Clothing,450.85,14,2024-10-25
48,Product_3,Groceries,35.4,4,2024-02-15
58,Product_15,Groceries,40.09,19,2024-06-11
69,Product_94,Groceries,221.48,5,2024-04-12
38,Product_9,Groceries,426.57,14,2024-12-04
64,Product_32,Books,347.11,7,2024-07-20
5,Product_83,Groceries,9.71,13,2024-01-15
1,Product_65,Clothing,11.12,15,2024-02-15
74,Product_68,Toys,188.6,16,2024-05-25
51,Product_8,Clothing,260.83,17,2024-12-28
32,Product_60,Toys,385.58,14,2024-09-07
38,Product_45,Groceries,487.12,17,2024-12-19
1,Product_26,Clothing,466.69,16,2024-07-27
13,Product_18,Groceries,445.75,14,2024-12-18
61,Product_19,Toys,330.81,19,2024-01-23
83,Product_67,Toys,94.16,11,2024-02-07
42,Product_12,Groceries,332.39,13,2024-08-03
38,Product_32,Clothing,146.58,1,2024-06-11
54,Product_55,Books,419.44,10,2024-09-22
59,Product_54,Books,41.05,2,2024-07-23
24,Product_52,Groceries,92.23,14,2024-03-28
61,Product_50,Toys,272.64,16,2024-10-19
39,Product_72,Toys,449.54,9,2024-12-30
27,Product_84,Toys,428.39,1,2024-11-06
13,Product_16,Clothing,90.07,11,2024-06-09
79,Product_14,Toys,189.6,2,2024-02-25
8,Product_51,Clothing,200.16,13,2024-08-30
86,Product_35,Clothing,153.59,9,2024-11-08
37,Product_79,Clothing,227.27,16,2024-02-21
32,Product_39,Groceries,190.68,14,2024-05-18
34,Product_35,Toys,469.43,10,2024-09-17
70,Product_82,Electronics,430.93,14,2024-01-27
64,Product_95,Books,180.41,3,2024-10-01
32,Product_88,Clothing,477.2,15,2024-09-27
64,Product_90,Toys,174.61,13,2024-07-10
40,Product_43,Groceries,28.16,6,2024-07-20
4,Product_19,Groceries,94.39,5,2024-10-08
81,Product_18,Books,141.68,11,2024-11-16
15,Product_31,Electronics,326.87,16,2024-05-12
97,Product_49,Groceries,231.72,20,2024-01-16
53,Product_53,Groceries,417.5,11,2024-09-12
40,Product_32,Toys,392.15,8,2024-03-21
12,Product_90,Electronics,398.89,10,2024-07-08
29,Product_43,Electronics,391.34,17,2024-01-10
8,Product_66,Groceries,34.87,13,2024-07-23
62,Product_74,Clothing,159.03,3,2024-07-12
99,Product_2,Books,397.19,9,2024-04-30
93,Product_15,Books,32.68,9,2024-03-21
20,Product_22,Books,137.89,14,2024-10-04
76,Product_62,Clothing,376.51,5,2024-02-14
56,Product_100,Clothing,155.75,3,2024-01-23
3,Product_91,Toys,468.66,2,2024-08-21
35,Product_38,Clothing,128.31,18,2024-09-22
34,Product_64,Books,373.75,15,2024-09-13
69,Product_2,Clothing,211.68,6,2024-08-19
99,Product_94,Books,363.89,11,2024-11-12
40,Product_78,Groceries,82.18,12,2024-10-25
51,Product_99,Clothing,423.66,11,2024-05-16
3,Product_8,Groceries,41.32,4,2024-12-18
23,Product_4,Groceries,152.84,1,2024-01-08
16,Product_77,Books,339.95,12,2024-02-07
7,Product_69,Clothing,440.61,9,2024-07-06
80,Product_2,Groceries,413.99,1,2024-02-22
8,Product_78,Clothing,194.04,20,2024-09-22
6,Product_95,Toys,53.44,2,2024-01-18
76,Product_14,Toys,461.83,1,2024-08-20
37,Product_68,Groceries,159.58,5,2024-03-31
86,Product_99,Toys,413.26,9,2024-05-17
20,Product_62,Books,263.08,10,2024-12-01
18,Product_10,Books,307.06,9,2024-01-27
9,Product_91,Books,311.93,12,2024-02-24
52,Product_35,Electronics,263.92,6,2024-02-29
19,Product_18,Electronics,370.47,4,2024-07-11
33,Product_73,Toys,142.98,19,2024-06-06
67,Product_97,Toys,109.87,12,2024-12-28
37,Product_30,Groceries,128.82,5,2024-06-11
94,Product_58,Books,64.73,15,2024-09-05
97,Product_13,Groceries,117.64,9,2024-05-10
52,Product_61,Clothing,400.03,14,2024-06-18
82,Product_18,Books,451.1,3,2024-08-16
56,Product_16,Toys,270.23,14,2024-01-13
13,Product_95,Electronics,443.87,6,2024-08-13
95,Product_80,Clothing,248.27,3,2024-03-27
70,Product_70,Groceries,255.06,19,2025-01-03
85,Product_54,Clothing,60.69,5,2024-07-23
100,Product_12,Books,24.54,6,2024-06-11
96,Product_64,Clothing,494.65,1,2024-03-23
39,Product_53,Electronics,270.77,9,2024-04-12
97,Product_11,Clothing,96.19,18,2024-11-15
80,Product_27,Toys,253.71,20,2024-12-15
40,Product_71,Electronics,237.73,10,2024-11-23
72,Product_63,Toys,298.82,13,2024-08-07
84,Product_53,Toys,340.88,1,2024-10-10
92,Product_72,Books,382.91,8,2024-06-25
86,Product_33,Electronics,58.84,7,2024-12-03
77,Product_13,Electronics,368.69,19,2024-07-20
98,Product_100,Clothing,372.73,6,2024-01-08
61,Product_19,Books,484.63,6,2024-08-17
18,Product_71,Clothing,455.51,14,2024-03-11
20,Product_29,Clothing,248.49,11,2024-10-31
39,Product_97,Books,50.67,10,2024-05-11
48,Product_49,Toys,18.84,2,2024-06-29
38,Product_83,Clothing,408.16,18,2024-11-17
3,Product_96,Groceries,231.99,18,2024-11-04
51,Product_17,Books,206.93,9,2024-10-02
21,Product_95,Books,356.95,16,2024-09-27
90,Product_34,Clothing,381.63,20,2024-08-22
78,Product_86,Clothing,265.78,11,2024-12-13
76,Product_78,Clothing,365.68,4,2024-04-28
19,Product_56,Groceries,78.95,12,2024-04-01
72,Product_71,Electronics,335.1,19,2024-06-09
89,Product_84,Groceries,100.36,13,2024-12-12
16,Product_54,Electronics,188.78,15,2024-04-25
27,Product_76,Electronics,171.35,8,2024-03-31
